Operation,Result
8.0 / 9.0 = 0.8888888888888888,0.8888888888888888
